{"frame":{"fname":"3_drive_0032_sync/0000000003","bounding_boxes":[{"box_id":0,"center":{"x":22.62586357809118,"y":8.68184244288951},"width":4.569235397110873,"length":1.8046555941865845,"angle":-3.1120941289052837,"object_id":"car","timestamps":[1555119280323,1555119281243,1555119281625,1555119281675,1555119281742,1555119281775,1555119281842,1555119281924,1555119281958,1555119281991,1555119283191,1555119283525,1555119283541,1555119283576,1555119283592,1555119283609,1555119283625,1555119283642,1555119283659,1555119283676,1555119283692,1555119283708,1555119283724,1555119283775,1555119283792,1555119283824,1555119283857,1555119283874,1555119283893,1555119283925,1555119283942]},{"box_id":1,"center":{"x":7.124343005304603,"y":8.148947224921745},"width":3.9963955656352534,"length":1.7365871185578168,"angle":-3.1268433901732853,"object_id":"car","timestamps":[1555119294689,1555119296410,1555119296759,1555119296777,1555119296794,1555119296811,1555119296826,1555119296843,1555119296859,1555119296877,1555119296893,1555119296909,1555119296927,1555119296944,1555119296960,1555119296976,1555119296994,1555119297009,1555119297026,1555119297059,1555119297077,1555119297093,1555119297111,1555119297127,1555119297727]},{"box_id":2,"center":{"x":6.678770142210351,"y":-5.126046889666958},"width":5.446146291897402,"length":2.0464494810869702,"angle":-3.1342690575621535,"object_id":"car","timestamps":[1555119304628,1555119320546,1555119320563,1555119320579,1555119320597,1555119320613,1555119320630,1555119320646,1555119320663,1555119320680,1555119320695,1555119320713,1555119320729,1555119320746,1555119320763,1555119320779,1555119320796,1555119320814,1555119320830,1555119320847,1555119320930,1555119320946,1555119320962,1555119320980,1555119320996,1555119321013,1555119321029,1555119321045,1555119321062,1555119321080,1555119321096,1555119321113,1555119321130,1555119321145,1555119321163,1555119321179,1555119321196,1555119321213,1555119321229,1555119321313,1555119321329,1555119321346,1555119321363,1555119321396,1555119321597,1555119321613,1555119321630,1555119321646,1555119321662,1555119321678,1555119321696,1555119321714,1555119321746,1555119321763,1555119321780,1555119321796,1555119321813,1555119321847,1555119321863,1555119321897,1555119321930,1555119323379,1555119323746,1555119323766,1555119323779,1555119323796,1555119323814,1555119323830,1555119323846,1555119323879,1555119323897,1555119323929,1555119323947,1555119323962,1555119324013,1555119324029,1555119324130]},{"box_id":3,"center":{"x":-0.13943485769804997,"y":-5.240864096779633},"width":4.810569451572379,"length":2.3812376545231855,"angle":-3.124437829313316,"object_id":"car","timestamps":[1555119329795,1555119330765,1555119331114,1555119331132,1555119331164,1555119331631,1555119331931,1555119331947,1555119331963,1555119331981,1555119331997,1555119332014,1555119332031,1555119332048,1555119332063,1555119332081,1555119332097,1555119332113,1555119332131,1555119332148,1555119332164,1555119332181,1555119332198,1555119332214,1555119332248,1555119332280,1555119332348,1555119332396,1555119332464,1555119332514,1555119332531,1555119332581,1555119332614,1555119332630,1555119332647,1555119332664,1555119332682,1555119332698,1555119332749,1555119332765,1555119332799,1555119332814,1555119332831,1555119332848,1555119332864,1555119332914,1555119332980,1555119333063,1555119334080,1555119334415,1555119334432,1555119334447,1555119334464,1555119334482,1555119334498,1555119334514,1555119334532,1555119334631,1555119334648,1555119334680,1555119334698,1555119334715,1555119334731,1555119334748,1555119334765,1555119334782,1555119334797,1555119334815,1555119334830,1555119334848,1555119334865,1555119334882,1555119334897,1555119334915,1555119334948,1555119334965,1555119334981,1555119335014,1555119335048,1555119335064]},{"box_id":4,"center":{"x":-12.31757329658492,"y":-6.466099210144225},"width":0.7258465017282447,"length":0.5107805993313204,"angle":-2.841691005083045,"object_id":"pedestrian","timestamps":[1555119343844,1555119346931]},{"box_id":5,"center":{"x":-14.388518447427181,"y":-7.071121091283807},"width":0.622888324224368,"length":0.5504590053986115,"angle":-2.8416910050592814,"object_id":"pedestrian","timestamps":[1555119350083,1555119355767]},{"box_id":6,"center":{"x":-18.435018718157274,"y":-6.882821668291989},"width":0.44905929087019075,"length":0.7098020454274223,"angle":-2.8416910050592814,"object_id":"pedestrian","timestamps":[1555119353760,1555119357497]},{"box_id":7,"center":{"x":-15.463765075781001,"y":7.077498892082059},"width":3.1007496453703087,"length":1.570509813060569,"angle":-3.072762764900128,"object_id":"car","timestamps":[1555119367364]},{"box_id":8,"center":{"x":-34.545314044387894,"y":-5.653654546945338},"width":9.389731538556884,"length":2.463787183772913,"angle":-3.072762764874307,"object_id":"car","timestamps":[1555119374248,1555119375602,1555119375920,1555119375936,1555119375952,1555119375969,1555119375985,1555119376004,1555119376019,1555119376036,1555119376054,1555119376069,1555119376087,1555119376103,1555119376119,1555119376135,1555119376152,1555119376169,1555119376420,1555119376452,1555119376469,1555119376519,1555119376703,1555119376736,1555119376949]}],"evaluator":{"add_box_count":9,"resize_count":6,"translate_count":1,"rotate_count":2,"delete_count":0,"label_count":3,"rotate_camera_count":36,"time_elapsed":121.599,"_3D_time_elapsed":2.586,"camera_angle":-3.072762764945701}}}