{"frame":{"fname":"0000000000","bounding_boxes":[{"box_id":0,"center":{"x":-2.290998016664617,"y":-4.081675734726945},"width":3.277783394728794,"length":1.4740915721585057,"angle":0.009268014019517037,"object_id":"car","timestamps":[1554849694563,1554849694774,1554849694781,1554849694791,1554849694799,1554849694809,1554849694814,1554849694825,1554849694830,1554849694841,1554849694848,1554849694853,1554849694862,1554849694871,1554849694878,1554849694886,1554849694894,1554849694902,1554849694937,1554849694952,1554849694959,1554849694968,1554849694975,1554849694984,1554849695001,1554849695008,1554849695018,1554849695186,1554849695212,1554849695221,1554849695228,1554849695244,1554849695252,1554849695259,1554849695277,1554849695285,1554849695310,1554849695326,1554849695359,1554849695385,1554849695391,1554849695430,1554849695650,1554849695676,1554849696847,1554849696871,1554849696888,1554849696904,1554849696928]},{"box_id":1,"center":{"x":-5.306510248294701,"y":0.11029938495543101},"width":3.2957382243483595,"length":1.6231835971814244,"angle":0.04040222571381667,"object_id":"car","timestamps":[1554849698238,1554849698454,1554849698461,1554849698480,1554849698495,1554849698519,1554849698536,1554849698544,1554849698553,1554849698561,1554849698570,1554849698578,1554849698589,1554849698602,1554849698625,1554849698658,1554849698674,1554849698693,1554849698697,1554849698725,1554849698747,1554849698779,1554849698828,1554849698845,1554849698854,1554849698862,1554849698870,1554849698895,1554849699063,1554849699490,1554849699682,1554849699690,1554849699697,1554849699707,1554849699713,1554849699722,1554849699730,1554849699741,1554849699746,1554849699754,1554849699761,1554849699770,1554849699778,1554849699788,1554849699802,1554849699809,1554849699826,1554849699874,1554849699891,1554849699908,1554849699933,1554849699943,1554849699966,1554849699982,1554849699997,1554849700023,1554849700054,1554849700234,1554849700259,1554849700274,1554849700298,1554849700322,1554849700337,1554849700354,1554849700379,1554849700394,1554849700403,1554849700420,1554849700436,1554849700444,1554849700452,1554849700470,1554849700479,1554849700505]},{"box_id":2,"center":{"x":-7.990402755785391,"y":-3.6301950013412663},"width":3.5324436606269867,"length":1.5730094327128918,"angle":0.0349065850398866,"object_id":"car","timestamps":[]},{"box_id":3,"center":{"x":-13.927261415836046,"y":-3.969051962364623},"width":4.088794849518372,"length":1.6377206126497925,"angle":0.069813170079773,"object_id":"car","timestamps":[]},{"box_id":4,"center":{"x":-11.75565027032497,"y":0.0204004354823476},"width":2.591473745778828,"length":1.713289670153352,"angle":0.15707963267948966,"object_id":"car","timestamps":[]},{"box_id":5,"center":{"x":-9.323459560760273,"y":-7.788048640570986},"width":4.381817425802501,"length":1.7357353631118506,"angle":-0.08726646259971638,"object_id":"car","timestamps":[]},{"box_id":6,"center":{"x":-0.9317371609999033,"y":-7.8733344228639535},"width":3.3031419355774636,"length":1.9250366086115849,"angle":-0.0022136487626624075,"object_id":"car","timestamps":[1554849690062,1554849690247,1554849690255,1554849690262,1554849690271,1554849690278,1554849690286,1554849690294,1554849690307,1554849690312,1554849690324,1554849690328,1554849690336,1554849690344,1554849690353,1554849690370,1554849690377,1554849690385,1554849690434,1554849690441,1554849690450,1554849690465,1554849690481,1554849690508,1554849690557,1554849690604,1554849690685,1554849690693,1554849690702,1554849690709,1554849690717,1554849690724,1554849690733,1554849690741,1554849690749,1554849690757,1554849690765,1554849690774,1554849690783,1554849690791,1554849690806,1554849691108,1554849691148,1554849691182,1554849692349,1554849692517,1554849692524,1554849692531,1554849692540,1554849692549,1554849692557,1554849692564,1554849692575,1554849692582,1554849692590,1554849692598,1554849692607,1554849692615,1554849692678,1554849692686,1554849692693,1554849692702,1554849692713,1554849692718,1554849692725,1554849692734,1554849692742,1554849692760,1554849692768,1554849692775,1554849692783,1554849692791,1554849692800,1554849692808,1554849692818,1554849692825,1554849692832,1554849692866,1554849693010,1554849693018,1554849693030,1554849693036,1554849693044,1554849693052,1554849693061,1554849693068,1554849693076,1554849693085,1554849693092,1554849693102,1554849693109,1554849693120,1554849693126,1554849693134,1554849693142,1554849693150,1554849693157,1554849693166,1554849693174,1554849693183,1554849693191,1554849693199,1554849693207,1554849693214,1554849693226,1554849693230,1554849693239,1554849693246,1554849693262,1554849693296,1554849693336]}],"evaluator":{"add_box_count":0,"resize_count":2,"translate_count":1,"rotate_count":3,"delete_count":0,"label_count":0,"rotate_camera_count":0,"time_elapsed":36.307,"_3D_time_elapsed":15.828,"camera_angle":0}}}