{"frame":{"fname":"0000000329","bounding_boxes":[{"box_id":0,"center":{"x":7.608518783432906,"y":-3.364062254753901},"width":3.60358371207056,"length":1.6490430038700072,"angle":0.05235987755982988,"object_id":"car"}],"evaluator":{"add_box_count":0,"resize_count":0,"translate_count":0,"rotate_count":0,"delete_count":0,"label_count":0,"rotate_camera_count":0,"time_elapsed":18.127,"_3D_time_elapsed":12.757,"camera_angle":0}}}