{"frame":{"fname":"2_drive_0009_sync/0000000328","bounding_boxes":[{"box_id":0,"center":{"x":3.2615716450910277,"y":5.008372878608517},"width":4.353551256737105,"length":1.655257018135868,"angle":-3.1020921487957454,"object_id":"car","timestamps":[1555111812775,1555111815006,1555111815206,1555111815225,1555111815241,1555111815341,1555111815357,1555111815374,1555111815391,1555111815407,1555111815423,1555111815456,1555111815524,1555111815541,1555111815558,1555111815573,1555111815590,1555111815608,1555111815640,1555111815673,1555111815691,1555111815724,1555111815758,1555111815774,1555111815791,1555111815808,1555111815824,1555111815840,1555111815874,1555111815907,1555111815923,1555111815975,1555111816274,1555111816308,1555111816324,1555111816341,1555111816357,1555111816374,1555111816390,1555111816407,1555111816424,1555111816441,1555111816473,1555111816491,1555111816541,1555111816591,1555111816641,1555111816657,1555111816690,1555111818373,1555111818390,1555111818408,1555111818424,1555111818457,1555111818492,1555111818524,1555111818558,1555111818591,1555111818675]},{"box_id":1,"center":{"x":8.571522182640523,"y":-3.4527980121555886},"width":3.4600341305138937,"length":1.5759534749498993,"angle":3.1372176153142117,"object_id":"car","timestamps":[1555111823480,1555111825175,1555111827409,1555111827742,1555111827759,1555111827776,1555111827793,1555111827808,1555111827826,1555111827843,1555111827858,1555111827875,1555111827892,1555111827909,1555111827926,1555111827942,1555111827958,1555111827976,1555111827991,1555111828009,1555111828026,1555111828041,1555111828059,1555111828076,1555111828109,1555111828142,1555111828160,1555111828175,1555111828192,1555111828209,1555111828225,1555111828241,1555111828259,1555111828342,1555111828375,1555111829425,1555111829459,1555111829475,1555111829491,1555111829509,1555111829542,1555111829576,1555111829609,1555111829675,1555111829709,1555111829792,1555111829858,1555111830193,1555111831609,1555111831959,1555111832009,1555111832026,1555111832042,1555111832059,1555111832076,1555111832092,1555111832109,1555111832126,1555111832143,1555111832159,1555111832176,1555111832192,1555111832226,1555111832243,1555111832259,1555111832293]},{"box_id":2,"center":{"x":3.1894253632932976,"y":-3.2729397680474857},"width":3.777932073280473,"length":1.5648149916981555,"angle":3.131759813924935,"object_id":"car","timestamps":[1555111842109,1555111844145,1555111844160,1555111844227,1555111844328,1555111844345,1555111844378,1555111844394,1555111844911,1555111844977,1555111845043,1555111845127,1555111845211,1555111845228,1555111845244,1555111845261,1555111845278,1555111845293,1555111845327,1555111959308,1555111959691,1555111959709,1555111959724,1555111959741,1555111959758,1555111959792,1555111959809,1555111959825,1555111959841,1555111959858,1555111959875,1555111959891,1555111959908,1555111959924,1555111959942,1555111959959,1555111959974,1555111959992,1555111960008,1555111960024,1555111960041,1555111960074,1555111960092,1555111960125,1555111960141,1555111960158,1555111960174,1555111960191,1555111960208,1555111960225,1555111960241,1555111960258,1555111960275,1555111960292,1555111960308,1555111960326,1555111960342,1555111960375,1555111960574,1555111960642,1555111960659,1555111960674,1555111960709,1555111960725,1555111960758,1555111960791,1555111960808,1555111960842,1555111960857,1555111960908,1555111960924]},{"box_id":3,"center":{"x":-1.7910657781014203,"y":-3.330885239913593},"width":4.393030410224369,"length":1.8585905569974215,"angle":-3.107177709397324,"object_id":"car","timestamps":[1555111854340]},{"box_id":4,"center":{"x":-1.7370801860921792,"y":4.81811606173819},"width":3.78209207406839,"length":1.804652790627656,"angle":-3.1071777094322632,"object_id":"car","timestamps":[1555111858526,1555111860147,1555111860295,1555111860312,1555111860330,1555111860512,1555111860530,1555111860546,1555111860563,1555111860579,1555111860595,1555111860612,1555111860630,1555111860646,1555111860662,1555111860680,1555111860695,1555111860712,1555111860729,1555111860747,1555111860763,1555111860779,1555111860796,1555111860812,1555111860830,1555111860846,1555111860863,1555111860880,1555111860896,1555111860913,1555111860929,1555111860946,1555111860963,1555111860979,1555111860995,1555111861012,1555111861029,1555111861046,1555111861062,1555111861080,1555111861096,1555111861130,1555111861197,1555111861363,1555111861380,1555111861396,1555111861414,1555111861429,1555111861445,1555111861462,1555111861496,1555111862879,1555111862896,1555111862913,1555111862929,1555111862946,1555111862963,1555111862979,1555111862997,1555111863030,1555111863045,1555111863062,1555111863096,1555111863163,1555111863463,1555111863497,1555111863530,1555111863596,1555111863629,1555111863662,1555111863679,1555111863697,1555111863714,1555111863730,1555111863746,1555111863764,1555111863780,1555111864313,1555111864347,1555111864363,1555111864380,1555111864396,1555111864431,1555111864447,1555111864480,1555111864497,1555111864513,1555111864530,1555111864547,1555111864563,1555111864580,1555111864597,1555111864632,1555111864679,1555111864696,1555111864730,1555111864763,1555111864779,1555111864814,1555111864863,1555111864880]},{"box_id":5,"center":{"x":-7.239218716336488,"y":4.695457212939449},"width":3.9464095734490803,"length":1.7114537100876908,"angle":-3.1071777092900446,"object_id":"car","timestamps":[1555111870074]},{"box_id":6,"center":{"x":-6.99523348151478,"y":-3.6967047565738356},"width":3.818391088610498,"length":1.671447033730499,"angle":-3.112626048828703,"object_id":"car","timestamps":[1555111875311,1555111878115,1555111878715,1555111878781,1555111878949,1555111878981,1555111879081,1555111880382,1555111880532,1555111880548,1555111880566,1555111880582,1555111880598,1555111880614,1555111880632,1555111880747,1555111880764,1555111880881,1555111880898,1555111880914,1555111880932,1555111880965,1555111880982,1555111880998,1555111881032,1555111881048,1555111881097,1555111881149,1555111881164,1555111881181,1555111881199,1555111881215,1555111881231,1555111881249]},{"box_id":7,"center":{"x":-12.443188706582589,"y":-3.915800979155322},"width":3.8474430336838985,"length":1.7806353100138743,"angle":-3.141592652207545,"object_id":"car","timestamps":[1555111887861]},{"box_id":8,"center":{"x":-17.790184501343923,"y":-4.177941520384172},"width":3.1469280978803633,"length":1.943069916278665,"angle":-3.097344868420795,"object_id":"car","timestamps":[1555111893757]},{"box_id":9,"center":{"x":14.12030204896391,"y":-3.4605684509980237},"width":3.8482961764110017,"length":1.6683802869904152,"angle":-3.089769371402225,"object_id":"car","timestamps":[1555111904431,1555111917786,1555111917819,1555111917837,1555111917870,1555111917902,1555111917920,1555111917937,1555111917970,1555111918003,1555111918053,1555111918119,1555111918153,1555111919353,1555111919404,1555111919436,1555111919470,1555111919703,1555111920704,1555111920719,1555111920736,1555111920754,1555111920836,1555111920870,1555111920904,1555111920920,1555111920954,1555111920986,1555111921003,1555111921019,1555111921036,1555111921054,1555111921070,1555111921086,1555111921103,1555111921137,1555111921153,1555111921220,1555111921503,1555111921521,1555111921536,1555111921570,1555111921587,1555111921621,1555111921637,1555111921654,1555111921670,1555111921720,1555111921753,1555111922038,1555111922086,1555111922886]},{"box_id":10,"center":{"x":19.687719210771554,"y":-3.656161278947133},"width":3.4637397003584542,"length":1.3728231437338982,"angle":3.136676234456157,"object_id":"car","timestamps":[1555111912898,1555111913820,1555111914119,1555111914137,1555111914152,1555111914169,1555111914186,1555111914202,1555111914220,1555111914237,1555111914253,1555111914269,1555111914286,1555111914302,1555111914336,1555111914352,1555111914370,1555111914402,1555111914452]},{"box_id":11,"center":{"x":18.89099564072105,"y":5.064476360939461},"width":3.1469338147609545,"length":1.71074876854699,"angle":3.1170105527031873,"object_id":"car",