{"bounding boxes":[{"center":{"x":-2.205565052602756,"y":0.895537698895763},"width":2.0198715914773957,"length":3.8843689247714095,"angle":-0.004908738521231737},{"center":{"x":-2.6461489617471154,"y":-16.653696407238783},"width":1.7633159734013255,"length":3.6869337179664368,"angle":0.1816233252968323},{"center":{"x":-0.8994520962234547,"y":-6.3160346157282525},"width":3.8787773589957704,"length":7.058102692702334,"angle":0.6921321314937554}]}