{"frame":{"fname":"3_drive_0064_sync/0000000500","bounding_boxes":[{"box_id":0,"center":{"x":11.958442132937549,"y":3.588931232269915},"width":3.4757186418899333,"length":1.646999263544158,"angle":0.03490658503988672,"object_id":"van","timestamps":[1554980651784]},{"box_id":1,"center":{"x":-6.768868060631745,"y":3.403490204669083},"width":3.3032441929511878,"length":1.5038636664204796,"angle":0.034906585039886515,"object_id":"car","timestamps":[]},{"box_id":2,"center":{"x":-13.667125987387013,"y":3.8056496894325758},"width":3.9813582644761305,"length":1.4606777505643727,"angle":0.0913194727915061,"object_id":"pedestrian","timestamps":[1554980657319]},{"box_id":3,"center":{"x":5.196972416106064,"y":9.096655236710738},"width":4.049827808150294,"length":1.5437678635868788,"angle":-1.0995574287564276,"object_id":"car","timestamps":[]}],"evaluator":{"add_box_count":0,"resize_count":0,"translate_count":0,"rotate_count":0,"delete_count":0,"label_count":0,"rotate_camera_count":0,"time_elapsed":30.419,"_3D_time_elapsed":13.094,"camera_angle":0}}}