{"frame":{"fname":"5_drive_0018_sync/0000000003","bounding_boxes":[{"box_id":0,"center":{"x":-19.700355225033675,"y":-7.880518679168422},"width":8.109004268844076,"length":2.9071643749870204,"angle":-0.014749254585525319,"object_id":"truck","timestamps":[1555178626849,1555178627655,1555178627956,1555178627972,1555178627988,1555178628004,1555178628022,1555178628038,1555178628055,1555178628071,1555178628089,1555178628105,1555178628122,1555178628138,1555178628156,1555178628171,1555178628188,1555178628206,1555178628222,1555178628522,1555178628555,1555178628572,1555178628589,1555178628605,1555178628639,1555178628655,1555178628672,1555178628689,1555178628705,1555178628738,1555178628755,1555178628789,1555178628804,1555178628838,1555178628872,1555178630172,1555178630389,1555178630406,1555178630422,1555178630439,1555178630571,1555178630605,1555178630655,1555178630689,1555178630706,1555178630721,1555178630739,1555178630755,1555178630772,1555178630788,1555178630805,1555178630822,1555178630838,1555178630856,1555178630872,1555178630888,1555178630906,1555178630922,1555178630938,1555178630955,1555178630972,1555178630988,1555178631006,1555178631022,1555178631040,1555178631071,1555178631122,1555178631156,1555178631172,1555178631189,1555178631206,1555178631222,1555178631239,1555178631256,1555178631272,1555178631289,1555178631306,1555178631323,1555178631338,1555178631372,1555178631438,1555178631473,1555178631488,1555178631506,1555178631555,1555178631955,1555178632188,1555178632423,1555178632489,1555178632522,1555178634873,1555178635040,1555178635056,1555178635072,1555178635090,1555178635106,1555178635122,1555178635173,1555178635222,1555178635239,1555178635256,1555178635272,1555178635306,1555178635322,1555178635340,1555178635706,1555178635723,1555178635740,1555178635757,1555178635772,1555178635789,1555178635822,1555178635839,1555178635872,1555178635956,1555178636023,1555178637556,1555178637689,1555178637707,1555178637723,1555178637739,1555178637757,1555178637773,1555178637790,1555178637806,1555178637823,1555178637839,1555178637857,1555178637873,1555178637889,1555178637906,1555178637924,1555178637939,1555178637957,1555178637973,1555178637990,1555178638006,1555178638023,1555178638039,1555178638056,1555178638073,1555178638089,1555178638106,1555178638122,1555178638138,1555178638156,1555178638173,1555178638189,1555178638206,1555178638223,1555178638240,1555178638257,1555178638273,1555178638307,1555178638339,1555178638407,1555178638456,1555178638490,1555178638524,1555178644495]},{"box_id":1,"center":{"x":-21.65126248532755,"y":-4.0018413204056715},"width":4.290072318852173,"length":1.6426669910897709,"angle":-0.02458209858411391,"object_id":"car","timestamps":[1555178649692]},{"box_id":2,"center":{"x":-13.812120016391706,"y":-3.9497199632654905},"width":4.034898543543729,"length":1.7383542477079452,"angle":-0.003773555023416343,"object_id":"car","timestamps":[1555178658671,1555178660092,1555178660126,1555178660143,1555178660176,1555178660192,1555178660210,1555178660393,1555178660443,1555178660476,1555178660510,1555178660543,1555178660593,1555178660625,1555178661176,1555178661225,1555178661259,1555178661292,1555178661393,1555178661442,1555178661493,1555178661525,1555178661559,1555178661592,1555178661626,1555178661726,1555178661826]},{"box_id":3,"center":{"x":-11.58511063425384,"y":0.11853274805672936},"width":2.9907543814303126,"length":1.8761878183220029,"angle":-0.009832837450039532,"object_id":"car","timestamps":[1555178670137,1555178671494,1555178671510,1555178671527,1555178671543,1555178671560,1555178671576,1555178671595,1555178671610,1555178671627,1555178671643,1555178671661,1555178671677,1555178671694,1555178671711,1555178671727,1555178671761,1555178671776,1555178671794,1555178671826,1555178671911,1555178671944,1555178672010,1555178672044,1555178672193,1555178672210,1555178672227,1555178672245,1555178672494,1555178672694,1555178672711,1555178672726,1555178672744,1555178672761,1555178672778,1555178672794,1555178672810,1555178673094,1555178673144,1555178673160,1555178673177,1555178673210,1555178673226,1555178673328,1555178673348,1555178673364,1555178673827,1555178673876,1555178673910]},{"box_id":4,"center":{"x":-8.053507737354206,"y":-3.598935514263755},"width":3.4920528347165014,"length":1.532623379143849,"angle":0.01966568534214669,"object_id":"car","timestamps":[1555178682022,1555178683379,1555178683395,1555178683411,1555178683428,1555178683446,1555178683461,1555178683494,1555178683562,1555178683578,1555178683612,1555178683646]},{"box_id":5,"center":{"x":-9.251125126770178,"y":-7.8966932575950235},"width":3.801092725466851,"length":1.5331061974166758,"angle":0.019665685330256092,"object_id":"car","timestamps":[1555178690947]},{"box_id":6,"center":{"x":-5.655895702445824,"y":0.18209848639424453},"width":3.8086365126760158,"length":1.6897877397760117,"angle":-0.010437179939512879,"object_id":"car",