{"frame":{"fname":"1_drive_0048_sync/0000000003","bounding_boxes":[{"box_id":0,"center":{"x":20.044075843122936,"y":-2.4573230962255055},"width":3.6557933253476715,"length":1.648863361333466,"angle":3.150648166743923,"object_id":"car","timestamps":[1555108455486,1555108456080,1555108456213,1555108456230,1555108456247,1555108456262,1555108456281,1555108456530,1555108456546,1555108456563,1555108456580,1555108456597,1555108456614,1555108456630,1555108456646,1555108456664,1555108456680,1555108456696,1555108456712,1555108456745,1555108456780,1555108456847,1555108456881,1555108456897,1555108457096,1555108457112,1555108457130,1555108457179,1555108458197,1555108458513,1555108458530,1555108458547,1555108458563,1555108458580,1555108458597,1555108458613,1555108458629,1555108458663,1555108458713,1555108458747,1555108458764,1555108458830,1555108458863,1555108458914,1555108458946,1555108458980,1555108458997,1555108459014,1555108459029,1555108459046,1555108459080,1555108459130,1555108459163,1555108459447]},{"box_id":1,"center":{"x":5.962710407972735,"y":5.242379899685863},"width":3.3701398960120166,"length":1.5368607636887617,"angle":-3.1640014378019354,"object_id":"car","timestamps":[1555108470765,1555108471714,1555108472065,1555108472099,1555108472132,1555108472182,1555108472526,1555108473449,1555108473733,1555108473749,1555108473766,1555108473782,1555108473799,1555108473816,1555108473832,1555108473848,1555108473865,1555108473883,1555108473899,1555108473915,1555108473931,1555108473949,1555108473966,1555108473981,1555108474015,1555108474048,1555108474082,1555108474632,1555108474648,1555108474715,1555108474748,1555108474800,1555108474865]},{"box_id":2,"center":{"x":7.611384087065695,"y":2.85281723110756},"width":5.07429272121473,"length":2.2190125858267455,"angle":-3.124371591472041,"object_id":"car","timestamps":[1555108480522,1555108481566,1555108481599,1555108481616,1555108481633,1555108481800,1555108481832,1555108481866,1555108481899,1555108481933,1555108481950,1555108481966,1555108481983,1555108482000,1555108482017,1555108482032,1555108482050,1555108482065,1555108482083,1555108482100,1555108482350,1555108482367,1555108482383,1555108482400,1555108482415,1555108482432,1555108482449,1555108482465,1555108482483,1555108482500,1555108482516,1555108482533,1555108482550,1555108482566,1555108482583,1555108482599,1555108482617,1555108482649,1555108482667,1555108482734,1555108482749,1555108482783,1555108482800,1555108482833,1555108484867,1555108485067,1555108485083,1555108485100,1555108485115,1555108485134,1555108485167,1555108485233,1555108485250,1555108485267,1555108485283,1555108485299,1555108485316,1555108485333,1555108485350,1555108485383,1555108485400,1555108485417,1555108485433,1555108485450,1555108485484,1555108552826,1555108552858,1555108552892,1555108552908,1555108552925,1555108552959,1555108552975,1555108553008,1555108553058,1555108553109,1555108553192,1555108553225,1555108553274,1555108553309,1555108553325,1555108553408,1555108554392,1555108554675,1555108556126,1555108556709,1555108556725,1555108556742,1555108556759,1555108556775,1555108556792,1555108556809,1555108556826,1555108556842,1555108556859,1555108556892,1555108556974,1555108556992,1555108557009,1555108557024,1555108557041,1555108557059,1555108557075,1555108557092,1555108557109,1555108557158,1555108557208,1555108557258,1555108557276,1555108557292,1555108557341,1555108557759,1555108557774,1555108557791,1555108557826,1555108557842,1555108557876,1555108557927,1555108557959,1555108557991,1555108558059,1555108558159,1555108558209,1555108558241,1555108558275,1555108558309,1555108558326,1555108558342,1555108558359,1555108558376,1555108558391,1555108558442,1555108558692,1555108558709,1555108558742]},{"box_id":3,"center":{"x":2.5243547350402205,"y":-2.450252533170552},"width":3.440979899746558,"length":1.557740527660418,"angle":3.1120941319204856,"object_id":"car","timestamps":[1555108493417,1555108494385,1555108494400,1555108494435,1555108494452,1555108494467,1555108494551,1555108494584,1555108494634,1555108494668,1555108494701,1555108494734,1555108494768,1555108494801,1555108494835,1555108494901,1555108494917,1555108494951,1555108495052,1555108495084,1555108495118,1555108495135,1555108495184,1555108495501,1555108495551,1555108495584,1555108495885,1555108495917,1555108495967]},{"box_id":4,"center":{"x":-4.716578395346716,"y":4.822991127364769},"width":4.3023859832846885,"length":1.690222849938437,"angle":-3.112094130079125,"object_id":"car","timestamps":[1555108503382]},{"box_id":5,"center":{"x":-9.25044017818412,"y":4.72603803224768},"width":2.267071268685872,"length":1.256933272733065,"angle":3.097344870665945,"object_id":"car","timestamps":[1555108509233,1555108512603,1555108512620,1555108512636,1555108512654,1555108512670,1555108512687,1555108512703,1555108512721,1555108512736,1555108512753,1555108512788,1555108512803,1555108512819,1555108512855,1555108513071,1555108513119,1555108513138,1555108513504]},{"box_id":6,"center":{"x":-18.083872043479012,"y":4.395510778889799},"width":3.866857530118208,"length":1.990702459716105,"angle":-3.0483051968335837,"object_id":"car","timestamps":[1555108521127,1555108522338,1555108522371,1555108522404,1555108522421,1555108522438,1555108522455,1555108522489,1555108522503,1555108522520,1555108522537,1555108522554,1555108522688,1555108522721,1555108522737,1555108522771,1555108522805,1555108522821,1555108522839,1555108522855,1555108522887,1555108522905,1555108522920,1555108522955,1555108522972,1555108522988,1555108523020,1555108523038,1555108523071,1555108523105,1555108523138,1555108523155,1555108523188,1555108523221,1555108523237,1555108523255,1555108523271,1555108523288,1555108523304,1555108523338,1555108523355,1555108523371,1555108523389,1555108523404,1555108523439,1555108523454,1555108523470,1555108523505,1555108523554,1555108523571,1555108523654,1555108523721,1555108524389,1555108524754,1555108524772,1555108524805,1555108524820,1555108524839,1555108524854,1555108524871,1555108524905,1555108524922,1555108524938,1555108524954,1555108524971,1555108524987,1555108525005,1555108525021,1555108525039,1555108525072,1555108526073,1555108526088,1555108526105,1555108526122,1555108527205,1555108527222,1555108527238,1555108527256,1555108527289,1555108527355,1555108527388,1555108527455,1555108527521,1555108528621,1555108528972,1555108528989,1555108529005,1555108529022,1555108529038,1555108529055,1555108529071,1555108529089,1555108529122,1555108529138,1555108529155,1555108529171,1555108529189,1555108529205,1555108529239,1555108529255,1555108529272,1555108529289,1555108529305,1555108529322,1555108529338,1555108530355,1555108530672,1555108530689,1555108530705,1555108530722,1555108530739,1555108530754,1555108530772,1555108530789,1555108530805,1555108530822,1555108530839,1555108530856,1555108530880,1555108530921,1555108530956,1555108530988]},{"box_id":7,"center":{"x":-15.233323576593225,"y":-2.6384390099588546},"width":3.321529404811716,"length":1.810555346721986,"angle":-2.9964406375433095,"object_id":"car",