{"frame":{"fname":"1_drive_0048_sync/0000000001","bounding_boxes":[{"box_id":0,"center":{"x":-3.1966062854356436,"y":4.870803642542308},"width":4.278148540195427,"length":1.7350034453720842,"angle":-3.12192697165273,"object_id":"car","timestamps":[1555108098061,1555108099899,1555108100067,1555108100084,1555108100100,1555108100116,1555108100134,1555108100150,1555108100167,1555108100183,1555108100200,1555108100216,1555108100234,1555108100251,1555108100284,1555108100300,1555108100334,1555108100417,1555108100434,1555108100451,1555108100467,1555108100484,1555108100500,1555108100517,1555108100534,1555108100551,1555108100583,1555108100667,1555108100700,1555108100717,1555108100733,1555108100751,1555108100767,1555108100784,1555108100801,1555108100817,1555108100884,1555108101050,1555108101067,1555108101084,1555108101101,1555108101118,1555108101133,1555108101151,1555108101167,1555108101501,1555108101517,1555108101534,1555108101551,1555108101567,1555108101583,1555108101600,1555108101617,1555108101633,1555108101668,1555108101684,1555108101700,1555108101767]},{"box_id":1,"center":{"x":-7.668402509628143,"y":4.740489297709895},"width":2.1979453341217945,"length":1.1952023751262373,"angle":3.092428449579524,"object_id":"car","timestamps":[1555108107382,1555108109585,1555108109935,1555108109951,1555108109969,1555108109985,1555108110002,1555108110018,1555108110035,1555108110052,1555108110102,1555108110135,1555108110185,1555108110268,1555108110302,1555108110352,1555108110367,1555108110386,1555108110401,1555108110419,1555108110435,1555108110451,1555108110468,1555108110485,1555108110518,1555108110551,1555108110585,1555108110635,1555108110652,1555108110702,1555108110734,1555108110769,1555108110803,1555108110836,1555108110869,1555108110918,1555108110935,1555108110951,1555108111002,1555108111051,1555108111135,1555108111518,1555108111551,1555108111585,1555108111651,1555108111969,1555108112019,1555108112069,1555108112102,1555108112169,1555108112218,1555108113668,1555108113868,1555108113902,1555108113918,1555108113935,1555108113952,1555108113969,1555108113986,1555108114002,1555108114019,1555108114035,1555108114052,1555108114068,1555108114084,1555108114102,1555108114118,1555108114135,1555108114152,1555108114168,1555108114201,1555108114268,1555108114302,1555108114335,1555108114352,1555108114369,1555108114385,1555108114403,1555108114936,1555108114985,1555108115052,1555108115085,1555108115103,1555108115119,1555108115135,1555108115202,1555108115285]},{"box_id":2,"center":{"x":-13.98544782911922,"y":-2.74592891504183},"width":4.0196470440995915,"length":1.7815890602819486,"angle":-2.905604472760761,"object_id":"car","timestamps":[1555108122280,1555108127853,1555108127871,1555108127904,1555108127936,1555108127954,1555108127971,1555108127986,1555108128020,1555108128037,1555108128069,1555108128087,1555108128104,1555108128137,1555108128170,1555108128188,1555108128220,1555108128270,1555108128304,1555108128354,1555108128421,1555108128486,1555108128887,1555108128921,1555108128938,1555108128953,1555108128988,1555108129004,1555108129021,1555108129037,1555108129070,1555108129086,1555108129103,1555108129121,1555108129138,1555108129154,1555108129171,1555108129203,1555108129471,1555108130987,1555108131005,1555108131021,1555108131036,1555108131071,1555108131288,1555108131305,1555108131321,1555108131338,1555108131354,1555108131370,1555108131388,1555108131404,1555108131422,1555108131438,1555108131455,1555108131470,1555108131488,1555108131503,1555108131522,1555108131538,1555108131553,1555108131570,1555108131587,1555108131621,1555108131638,1555108131671,1555108131687,1555108131737,1555108131788,1555108132088,1555108132138,1555108132421,1555108132471]},{"box_id":3,"center":{"x":-16.637020317900053,"y":4.446999247662562},"width":4.2659807532505125,"length":1.9224373005469018,"angle":-3.0629299261134353,"object_id":"car","timestamps":[1555108139473]},{"box_id":4,"center":{"x":4.065251048656883,"y":-2.4967219892381167},"width":3.5277156360049213,"length":1.5018980382274791,"angle":3.107177711332927,"object_id":"car","timestamps":[1555108149088,1555108150291,1555108150307,1555108150323,1555108150341,1555108150407,1555108150440,1555108150457,1555108150508,1555108150606,1555108150623,1555108150641,1555108150657,1555108150674,1555108150690,1555108150707,1555108150723,1555108150739,1555108150757,1555108150773,1555108150791,1555108150808,1555108150823,1555108150840,1555108150940,1555108151106,1555108151207,1555108151257,1555108151290,1555108151339,1555108151423,1555108151460,1555108151474,1555108151490,1555108151574,1555108151657,1555108151690,1555108152057,1555108152074,1555108152090]},{"box_id":5,"center":{"x":10.703959693152328,"y":2.9252153522806923},"width":5.195342495327919,"length":2.351425293520488,"angle":-3.1268433915697673,"object_id":"car","timestamps":[1555108159170,1555108159857,1555108160192,1555108160208,1555108160225,1555108160241,1555108160275,1555108160325,1555108160358,1555108160475,1555108160491,1555108160508,1555108160558,1555108160592,1555108160609,1555108160642,1555108160692,1555108160775,1555108162891,1555108163225,1555108163242,1555108163258,1555108163292,1555108163325,1555108163342,1555108163374,1555108163392,1555108163424,1555108163443,1555108163458,1555108163476,1555108163492,1555108163509,1555108163592,1555108163624,1555108163641,1555108163708,1555108163742,1555108163776,1555108164442,1555108166092,1555108166409,1555108166426,1555108166442,1555108166459,1555108166475,1555108166492,1555108166509,1555108166525,1555108166543,1555108166558,1555108166575,1555108166591,1555108166626,1555108166676,1555108166743,1555108166775,1555108166793,1555108166808,1555108166826,1555108166842,1555108166859,1555108166875,1555108166892,1555108166910,1555108166925,1555108166959,1555108167043,1555108167058,1555108167092,1555108167108,1555108167492,1555108167876,1555108167909,1555108167942,1555108168176,1555108168243,1555108168276,1555108168293,1555108168359,1555108168459,1555108168542,1555108168992,1555108169225,1555108169293,1555108169463,1555108169560,1555108169576,1555108169610]},{"box_id":6,"center":{"x":7.7167498998639745,"y":5.25207073944093},"width":3.8452714623960405,"length":1.6321652826603785,"angle":-3.1268433915637908,"object_id":"car","timestamps":[1555108175727,1555108176360,1555108176677,1555108176693,1555108176710,1555108176727,1555108176742,1555108176761,1555108176776,1555108176794,1555108176810,1555108176827,1555108176844,1555108176860,1555108176876,1555108176893,1555108176910,1555108176926,1555108176943,1555108176960,1555108177011,1555108177027,1555108177044,1555108177092,1555108177510,1555108177543,1555108177577,1555108178209,1555108178227,1555108178243,1555108178260,1555108178276,1555108178293,1555108178310,1555108178360,1555108178377,1555108178410,1555108178510,1555108178543,1555108178576,1555108178593,1555108178627,1555108180427,1555108180560,1555108180578,1555108180745,1555108180761,1555108180776,1555108180794,1555108180810,1555108180828,1555108180844,1555108180861,1555108180877,1555108180894,1555108180910,1555108180927,1555108180943,1555108180961,1555108180977,1555108181128,1555108181144,1555108181161,1555108181177,1555108181194,1555108181211,1555108181228,1555108181244,1555108181261,1555108181277,1555108181311,1555108181394,1555108181427,1555108181444,1555108181461,1555108181478,1555108181493,1555108181511,1555108181527,1555108181544,1555108181561,1555108181595,1555108181611,1555108181627,1555108181644,1555108181677,1555108181693,1555108181709,1555108181727,1555108181760,1555108181794,1555108181811,1555108181827,1555108181878,1555108181944,1555108182027,1555108182077,1555108182211]},{"box_id":7,"center":{"x":21.49650547861649,"y":-2.5092957628669756},"width":3.3327805673295137,"length":1.6420235607916926,"angle":-3.129505568889981,"object_id":"car",