{"frame":{"fname":"1_drive_0048_sync/0000000004","bounding_boxes":[{"box_id":0,"center":{"x":19.18817819713805,"y":-2.407142901581792},"width":3.3542153617631345,"length":1.733161147328479,"angle":3.136002097161685,"object_id":"car","timestamps":[1555108578820,1555108580478,1555108580879,1555108580896,1555108580911,1555108580944,1555108582429,1555108582462,1555108582512,1555108582562,1555108582579,1555108582595,1555108582629,1555108582644,1555108582662,1555108582678,1555108582695,1555108582712,1555108582729,1555108582746,1555108582762,1555108582779,1555108582811,1555108582829,1555108582878,1555108582895,1555108582928,1555108582962,1555108582978,1555108583012,1555108583062,1555108583080,1555108583112,1555108583146,1555108583978,1555108584363,1555108584379,1555108584429,1555108584596,1555108584629,1555108584645,1555108584663,1555108584679,1555108584696,1555108584730,1555108584762,1555108584812]},{"box_id":1,"center":{"x":23.6533912399095,"y":5.291263919550769},"width":3.7817105132776407,"length":1.7515295239680695,"angle":3.1170105523449076,"object_id":"car","timestamps":[1555108589666]},{"box_id":2,"center":{"x":4.999125257755852,"y":5.219273334977795},"width":3.1354527583920606,"length":1.5120886699234963,"angle":3.117010552410941,"object_id":"car","timestamps":[1555108596045,1555108597214,1555108597229,1555108597281,1555108597314,1555108597347,1555108597363,1555108597379,1555108597397,1555108597429,1555108597563,1555108597581,1555108597596,1555108597614,1555108597631,1555108597647,1555108597663,1555108597680,1555108597730,1555108597931,1555108597963,1555108598046,1555108600346,1555108600698,1555108600715,1555108600981,1555108601015,1555108601031,1555108601047,1555108601080,1555108601130,1555108601165,1555108601198,1555108601231]},{"box_id":3,"center":{"x":6.165733175623748,"y":2.876022883634624},"width":5.139779816366011,"length":2.2418341943519726,"angle":-3.11699446854847,"object_id":"car","timestamps":[1555108606694,1555108607897,1555108607915,1555108607931,1555108608004,1555108608249,1555108608265,1555108608297,1555108608315,1555108608331,1555108608365,1555108608382,1555108608398,1555108608414,1555108608432,1555108608448,1555108608464,1555108608482,1555108608498,1555108608514,1555108608548,1555108608565,1555108608598,1555108608615,1555108608631,1555108608698,1555108608748,1555108608848,1555108609366,1555108611065,1555108611082,1555108611099,1555108611115,1555108611132,1555108611148,1555108611165,1555108611182,1555108611199,1555108611215,1555108611231,1555108611249,1555108611299,1555108611315,1555108611365,1555108611383,1555108611416,1555108611432,1555108611466,1555108611482,1555108611499,1555108611514,1555108611533,1555108611548,1555108611565,1555108611583,1555108611598,1555108611616,1555108611632,1555108611648,1555108611665,1555108611683,1555108611698,1555108611799,1555108611832,1555108611916,1555108612949,1555108612966,1555108612983,1555108613049,1555108613065,1555108613099,1555108613199,1555108613215,1555108613233,1555108613249,1555108613265,1555108613281,1555108613298,1555108613315,1555108613333,1555108613349,1555108613366,1555108613383,1555108613398,1555108613415,1555108613433,1555108613450,1555108613466,1555108613483,1555108613499,1555108613583,1555108613631,1555108613650,1555108613665,1555108613683,1555108613698,1555108613716,1555108613732,1555108613766,1555108613781,1555108613816,1555108613833,1555108613866,1555108613882,1555108613899,1555108613932,1555108614216,1555108614232,1555108614248,1555108614265,1555108614282,1555108614299]},{"box_id":4,"center":{"x":1.8328071567800692,"y":-2.4535731753410084},"width":3.540968833616348,"length":1.5076776383382828,"angle":3.1219269728671777,"object_id":"car","timestamps":[1555108620339,1555108620984,1555108621417,1555108621434,1555108621451,1555108621467,1555108621483,1555108621516,1555108621533,1555108621550,1555108621617,1555108621717,1555108621733,1555108621817,1555108621833,1555108621850,1555108621867,1555108621883,1555108621916,1555108621933,1555108621968,1555108621984,1555108622000,1555108622017,1555108622051,1555108622067,1555108622167]},{"box_id":5,"center":{"x":-5.429601237907891,"y":4.861228345031056},"width":4.148729667917118,"length":1.7414431437139453,"angle":-3.1081086858183378,"object_id":"car","timestamps":[1555108628535,1555108630701,1555108630718,1555108630735,1555108630751,1555108630768,1555108630801,1555108630834,1555108630884,1555108630918,1555108630951,1555108630968,1555108630985,1555108631001,1555108631018,1555108631052,1555108631068,1555108631100,1555108631135,1555108631185,1555108631201,1555108631251,1555108631318,1555108631418,1555108631917,1555108632452,1555108632501,1555108632518,1555108632734,1555108633102,1555108633168]},{"box_id":6,"center":{"x":-9.97755658763914,"y":4.687663638048932},"width":2.213711516725163,"length":1.2089949640525757,"angle":3.0875120299474164,"object_id":"car","timestamps":[1555108638011,1555108639751,1555108640153,1555108640186,1555108640201,1555108640220,1555108640236,1555108640252,1555108640302,1555108640336,1555108640369,1555108640468]},{"box_id":7,"center":{"x":-16.20332175694093,"y":-2.790907350075671},"width":3.882178742754725,"length":1.7672618487557414,"angle":-2.925270153432773,"object_id":"car","timestamps":[1555108648882,1555108650537,1555108650553,1555108650571,1555108650586,1555108650603,1555108650620,1555108650653,1555108650936,1555108650954,1555108650969,1555108650987,1555108651004,1555108651020,1555108651104,1555108651120,1555108651138,1555108651154,1555108651170,1555108651187,1555108651204,1555108651220,1555108651337,1555108651904,1555108652121,1555108652221,1555108652254,1555108652955,1555108652987,1555108653021,1555108653087]},{"box_id":8,"center":{"x":-18.798546232561975,"y":4.3603352635417085},"width":3.8769872904163574,"length":1.973421764878494,"angle":-3.0678463458831016,"object_id":"car","timestamps":[1555108662486,1555108663621,1555108663939,1555108663955,1555108663971,1555108663989,1555108664006,1555108664022,1555108664039,1555108664056,1555108664071,1555108664089,1555108664105,1555108664122,1555108664139,1555108664156,1555108664189,1555108664206,1555108664222,1555108664239,1555108664255,1555108664272,1555108664505,1555108664688,1555108665239,1555108665255,1555108665271,1555108665306,1555108665322,1555108665339,1555108665373,1555108665439,1555108665488,1555108665539,1555108665588,1555108665639,1555108665689,1555108665756,1555108665789,1555108665805,1555108665822,1555108665855,1555108665888,1555108665938,1555108666005,1555108666221,1555108666706,1555108667023,1555108667039,1555108667056,1555108667072,1555108667088,1555108667106,1555108667121,1555108667142,1555108667155,1555108667173,1555108667205,1555108667238,1555108667271,1555108667339,1555108667390,1555108667455,1555108667472,1555108667488,1555108667505,1555108667522,1555108667539,1555108667571,1555108667588,1555108667638,1555108667673,1555108668222,1555108669306,1555108669606,1555108669622,1555108669639,1555108669655,1555108669672,1555108669690,1555108669706,1555108669722,1555108669738,1555108669789,1555108669988,1555108670006,1555108670022,1555108670039,1555108670056,1555108670072,1555108670090,1555108670106,1555108670138,1555108670172,1555108670389,1555108670406,1555108670438,1555108670472,1555108670506,1555108670539,1555108670588]}],"evaluator":{"add_box_count":9,"resize_count":12,"translate_count":1,"rotate_count":3,"delete_count":0,"label_count":0,"rotate_camera_count":31,"time_elapsed":108.865,"_3D_time_elapsed":6.75,"camera_angle":-3.0678463458324465}}}