{"frame":{"fname":"0_drive_0064_sync/0000000503","bounding_boxes":[{"box_id":0,"center":{"x":-15.960737513142714,"y":3.800997045475795},"width":3.267116237275996,"length":1.645657553930666,"angle":0.063913465579442,"object_id":"car","timestamps":[]},{"box_id":1,"center":{"x":-9.319294418267095,"y":3.4729977725023486},"width":3.315516344797154,"length":1.5004530533000107,"angle":0.017312906094332253,"object_id":"car","timestamps":[]},{"box_id":2,"center":{"x":2.6711771668948674,"y":9.077086476887864},"width":4.04018107950682,"length":1.7442064450161188,"angle":-1.0963617554146927,"object_id":"car","timestamps":[]},{"box_id":3,"center":{"x":9.427037189934332,"y":3.4744071430820256},"width":3.5951860500531185,"length":1.6935987424684802,"angle":-0.014749261197645096,"object_id":"car","timestamps":[]}],"evaluator":{"add_box_count":0,"resize_count":0,"translate_count":0,"rotate_count":0,"delete_count":0,"label_count":0,"rotate_camera_count":0,"time_elapsed":2.189,"_3D_time_elapsed":2.102,"camera_angle":0}}}