{"frame":{"fname":"0_drive_0064_sync/0000000502","bounding_boxes":[{"box_id":0,"center":{"x":10.325357735508259,"y":3.4419873198211817},"width":3.5579685411999273,"length":1.5917218660869645,"angle":-0.019665681734574097,"object_id":"car","timestamps":[]},{"box_id":1,"center":{"x":3.4681765866142085,"y":9.139585734943058},"width":4.156380515831044,"length":1.742995999313365,"angle":-1.1111110167289584,"object_id":"car","timestamps":[]},{"box_id":2,"center":{"x":-8.482139477276078,"y":3.4114176277586257},"width":3.314529981830856,"length":1.8538886422565017,"angle":-0.019665681706433295,"object_id":"car","timestamps":[]},{"box_id":3,"center":{"x":-15.02549649478738,"y":3.7759766440219895},"width":3.1461116053474494,"length":1.5730549122131856,"angle":0.063913465579442,"object_id":"car","timestamps":[]}],"evaluator":{"add_box_count":0,"resize_count":0,"translate_count":0,"rotate_count":0,"delete_count":0,"label_count":0,"rotate_camera_count":0,"time_elapsed":0.882,"_3D_time_elapsed":0,"camera_angle":0}}}