{"frame":{"fname":"0_drive_0064_sync/0000000500","bounding_boxes":[{"box_id":0,"center":{"x":-13.321671318499472,"y":3.8488395311195376},"width":3.2447498189825086,"length":1.5545883909816958,"angle":0.06882988594084014,"object_id":"car","timestamps":[]},{"box_id":1,"center":{"x":-6.759210621596415,"y":3.455329144970017},"width":3.2845247019575714,"length":1.5502991003875237,"angle":0.009832840681151105,"object_id":"car","timestamps":[]},{"box_id":2,"center":{"x":11.979093094637776,"y":3.503473545175029},"width":3.422194642058927,"length":1.5092258380254258,"angle":0.009832840654988791,"object_id":"car","timestamps":[]},{"box_id":3,"center":{"x":5.140885319632373,"y":9.180246917457604},"width":4.10945488559476,"length":1.8323528243512217,"angle":-1.1160274373170205,"object_id":"car","timestamps":[]}],"evaluator":{"add_box_count":0,"resize_count":0,"translate_count":0,"rotate_count":0,"delete_count":0,"label_count":0,"rotate_camera_count":0,"time_elapsed":3.696,"_3D_time_elapsed":3.437,"camera_angle":0}}}