{"frame":{"fname":"0_drive_0064_sync/0000000504","bounding_boxes":[{"box_id":0,"center":{"x":8.538107572190446,"y":3.482283814060202},"width":3.5065619370321808,"length":1.6228709505617718,"angle":-0.014749261201381153,"object_id":"car","timestamps":[1555097362552]},{"box_id":1,"center":{"x":1.8897499441061916,"y":9.138906851272022},"width":4.050203463299589,"length":1.7525656689296942,"angle":-1.106194596430396,"object_id":"car","timestamps":[1555097372587,1555097374473,1555097374491,1555097374507,1555097374523,1555097374541,1555097374557,1555097374573,1555097374608,1555097374623,1555097374640,1555097374673,1555097374723,1555097375041,1555097375074,1555097375107,1555097375123,1555097375141,1555097375173,1555097375190,1555097375223,1555097375241,1555097375256,1555097375291,1555097375340,1555097375889]},{"box_id":2,"center":{"x":-10.216679188791133,"y":3.4753201283658877},"width":3.3380956893250606,"length":1.5312082682490995,"angle":0.03833834187844779,"object_id":"car","timestamps":[1555097382469,1555097385359,1555097385509,1555097385542,1555097385575,1555097385591,1555097385626,1555097385709,1555097385725,1555097385757,1555097385775,1555097385792,1555097385825,1555097385859,1555097385909,1555097385942,1555097385976,1555097385992,1555097386009,1555097386025,1555097386042,1555097386125,1555097386159,1555097386174,1555097387075,1555097387092,1555097387109,1555097387125,1555097387141,1555097387158,1555097387176,1555097387192,1555097387208,1555097387242,1555097387292,1555097387308,1555097387342,1555097388143,1555097388175,1555097388475,1555097388493,1555097388526,1555097388576,1555097388608,1555097389543,1555097389876,1555097389909,1555097389925,1555097389943,1555097389959,1555097389975,1555097389993,1555097390008,1555097390025,1555097390060,1555097390074,1555097390091,1555097390108,1555097390125,1555097390176,1555097390243,1555097390259,1555097390276,1555097390292,1555097390310,1555097390325,1555097390341,1555097390359,1555097390374,1555097390392,1555097390409,1555097390426,1555097390459,1555097390492,1555097390542,1555097390577,1555097390593,1555097390609,1555097390625,1555097390641,1555097390658,1555097390675,1555097390691,1555097390709,1555097390726,1555097390759,1555097390775,1555097390793,1555097390809,1555097390826,1555097390842,1555097390858,1555097390877,1555097390892,1555097390908,1555097390926,1555097390942,1555097390959,1555097390975,1555097390993,1555097391009,1555097391026,1555097391042,1555097391059,1555097391075,1555097391093,1555097391109,1555097391126,1555097391159,1555097391409,1555097391476,1555097391492,1555097391509,1555097391525,1555097391542,1555097391559,1555097391575,1555097391593,1555097391608,1555097391626,1555097391643,1555097391660,1555097391676,1555097391693,1555097391709,1555097391726,1555097391743,1555097391759,1555097391775,1555097391793,1555097391809,1555097391826,1555097391842,1555097391858,1555097391876,1555097391892,1555097391909,1555097391942,1555097391959,1555097391976,1555097391992,1555097392009,1555097392025,1555097392042,1555097392059,1555097392076,1555097392093,1555097392109,1555097392125,1555097392143,1555097392158,1555097392175,1555097392192,1555097392209,1555097392225,1555097392241,1555097392259,1555097392292,1555097392308,1555097392359,1555097392641,1555097392659,1555097392676,1555097392693,1555097392708,1555097392726,1555097392743,1555097392759,1555097392775,1555097392792,1555097392809,1555097392826,1555097392843,1555097392859,1555097392876,1555097392892,1555097392910,1555097392925,1555097392942,1555097392958,1555097392976,1555097392993,1555097393009,1555097393042,1555097393092,1555097393142,1555097393192,1555097393442,1555097393475,1555097393509,1555097393742,1555097393776,1555097393792,1555097393810,1555097393826,1555097393859,1555097393875,1555097393892,1555097393908,1555097393925,1555097393943,1555097393959,1555097394009,1555097394210,1555097394225,1555097394243,1555097394325,1555097394375,1555097394392,1555097394426,1555097394443,1555097394459,1555097394492,1555097394759,1555097395060,1555097395127,1555097395143,1555097395175,1555097395193,1555097395209,1555097395243,1555097395493,1555097395510,1555097395526,1555097395543]},{"box_id":3,"center":{"x":-16.74090583425604,"y":3.8546779524123895},"width":3.0603671742499596,"length":1.4261900347893084,"angle":0.07866272675736716,"object_id":"car","timestamps":[1555097401351]}],"evaluator":{"add_box_count":4,"resize_count":2,"translate_count":1,"rotate_count":1,"delete_count":0,"label_count":0,"rotate_camera_count":14,"time_elapsed":52.4,"_3D_time_elapsed":0.974,"camera_angle":0.07866272683660681}}}